{
  "M": [0],
  "V": [0],
  "R": [0],
  "S": [16483350, 42755600, 23972250],
  "E": [0],
  "E_tr": [0],
  "E_nt": [0],
  "I": [0],
  "I_asym": [15000, 40000, 25000],
  "I_sym": [1500, 4000, 2500],
  "I_sev": [150, 400, 250],
  "Q": [0],
  "Q_asym": [0],
  "Q_sym": [0],
  "Q_sev": [0],
  "D": [0],
  "N": [16500000, 42800000, 24000000],
  "K": 3,
  "J": 1,
  "t": 365,
  "basic_reprod_num": [1.2],
  "Beds": [500000],
  "beta_asym": [0.7],
  "beta_sym": [0.3],
  "beta_sev": [0.5],
  "gamma_asym": [0.1],
  "gamma_sym": [0.08],
  "gamma_sev": [0.05],
  "gamma_sev_r": [0.075],
  "gamma_sev_d": [0.1],
  "epsilon": [0.125],
  "mu_sym": [0.4],
  "mu_sev": [0.01],
  "nu": [0],
  "rho_mat": [0.0055555555, 0, 0],
  "rho_vac": [0.0037037037, 0.0037037037, 0.0037037037],
  "rho_rec": [0.0111111111, 0.0111111111, 0.0111111111],
  "sigma": [0.002, 0.025, 0.1],
  "tau_asym": [0.001],
  "tau_sym": [0.01],
  "tau_sev": [0.25],
  "psi": [0.5, 0.3, 0.25]
}
