{
  "M": [0],
  "V": [0],
  "R": [0],
  "S": [8483350, 8000000, 20000000, 22755600, 10000000, 13972250],
  "E": [0],
  "E_tr": [0],
  "E_nt": [0],
  "I": [0],
  "I_asym": [15000, 25000, 20000, 20000, 25000, 5000],
  "I_sym": [1500, 2500, 2000, 2000, 2500, 500],
  "I_sev": [150, 250, 200, 200, 250, 50],
  "Q": [0],
  "Q_asym": [0],
  "Q_sym": [0],
  "Q_sev": [0],
  "D": [0],
  "N": [8250000, 8250000, 20000000, 22800000, 10000000, 14000000],
  "K": 6,
  "J": 401,
  "t": 365,
  "basic_reprod_num": [1.2],
  "Beds": [500000],
  "beta_asym": [0.7],
  "beta_sym": [0.3],
  "beta_sev": [0.5],
  "gamma_asym": [0.1],
  "gamma_sym": [0.08],
  "gamma_sev": [0.05],
  "gamma_sev_r": [0.075],
  "gamma_sev_d": [0.1],
  "epsilon": [0.125],
  "mu_sym": [0.4],
  "mu_sev": [0.01],
  "nu": [0],
  "rho_mat": [0.0055555555, 0, 0, 0, 0, 0],
  "rho_vac": [0.0037037037, 0.0037037037, 0.0037037037, 0.0037037037, 0.0037037037, 0.0037037037],
  "rho_rec": [0.0111111111, 0.0111111111, 0.0111111111, 0.0111111111, 0.0111111111, 0.0111111111],
  "sigma": [0.002, 0.01, 0.02, 0.025, 0.05, 0.1],
  "tau_asym": [0.001],
  "tau_sym": [0.01],
  "tau_sev": [0.25],
  "psi": [0.5, 0.25, 0.3, 0.4, 0.2, 0.25]
}
